<?xml version="1.0" encoding="UTF-8" standalone="yes"?>
<addon id="plugin.video.failarmy" name="Fail Army" version="1.0.0" provider-name="Aram Ghamoyan">
	<requires>
		<import addon="plugin.video.youtube" version="4.0" optional="false"/>
		<import addon="repository.AramGhamoyanAddons" />
	</requires>
	<extension point="xbmc.python.pluginsource" library="default.py">
		<provides>video</provides>
	</extension>
	<extension  point="xbmc.addon.metadata">
		<platform>all</platform>
		<summary lang="nl">Bekijk Fail Army.</summary>
		<description lang="nl">Met deze plugin is het mogelijk om Fail Army te bekijken.</description>
		<disclaimer>Video's zijn intellectueel eigendom van de kanaaleigenaar. Tenzij YouTube anders is overeen gekomen. ;-)</disclaimer>
		<language>nl</language>
	</extension>
</addon>
